id,latitude,longitude
1,1.29375,103.85718
10,1.2995,103.84762
11,1.30151,103.83641
12,1.30216,103.83601
13,1.30236,103.8349
14,1.30366,103.83327
15,1.3048,103.83063
16,1.26421,103.82263
17,1.25017,103.83126
18,1.30491,103.83312
19,1.26426,103.82011
2,1.29115,103.85728
20,1.3071,103.83359
21,1.302,103.83975
22,1.3006,103.84191
23,1.30403,103.83206
24,1.30084,103.83872
26,1.25667,103.82012
27,1.30072,103.83979
29,1.28225028515239,103.858300275795
3,1.29382,103.85319
4,1.29011,103.85561
43,1.3343,103.74282
5,1.29251,103.86009
50,1.26426,103.82164
51,1.30228007106279,103.841129960081
52,1.30048,103.83931
53,1.334847,103.746815
54,1.33341,103.740088
55,1.3038,103.83585
56,1.29027,103.85167
6,1.28944,103.86311
7,1.30135,103.84061
8,1.30255,103.83739
9,1.30103,103.84503
A0007,1.3053280313212745,103.82957069514487
A0021,1.280790422979401,103.84717734239698
A0046,1.3138928367737375,103.88178819343076
A10,1.368632982,103.844524
A100,1.377987473,103.8426025
A11,1.367035534,103.8381811
A12,1.368509827,103.8386753
A13,1.368000222,103.8368096
A15,1.36696761,103.8404175
A2,1.366237056,103.8430464
A20,1.364943381,103.8484571
A21,1.368127559,103.8463132
A24,1.364753412,103.8493977
A25,1.362769307,103.8516275
A27,1.370363052,103.8383207
A28,1.371649928,103.8374643
A29,1.367361242,103.8487183
A30,1.370989747,103.842419
A31,1.370451119,103.8436999
A33,1.369886364,103.8345405
A34,1.368356473,103.8516674
A35,1.368646393,103.8540815
A36,1.366407128,103.8552788
A37,1.368113068,103.8555566
A38,1.363963706,103.8545884
A39,1.361151022,103.8540722
A4,1.365691621,103.8411922
A40,1.362356151,103.8569821
A41,1.364936935,103.8569326
A42,1.366580182,103.8573639
A43,1.365996736,103.8592673
A44,1.367205743,103.8589905
A45,1.370917693,103.8552305
A47,1.370558167,103.8592466
A48,1.370371281,103.8546523
A49,1.371329606,103.8577971
A50,1.372522464,103.8576096
A51,1.369470739,103.8343753
A52,1.370385433,103.8469225
A53,1.370865023,103.8468773
A54,1.372434359,103.8459154
A59,1.373896221,103.8581398
A60,1.374464495,103.8559134
A63,1.375176821,103.8493957
A64,1.370506585,103.8534735
A65,1.371029159,103.8594172
A66,1.380544931,103.8356606
A67,1.379686324,103.8378049
A68,1.381897619,103.8398542
A69,1.381641458,103.8419454
A7,1.368392487,103.8413018
A70,1.380620641,103.8401072
A71,1.380009094,103.8407419
A72,1.380760963,103.8435303
A73,1.378848189,103.8408247
A74,1.37865168,103.8438047
A75,1.376086591,103.8385877
A76,1.377977112,103.8388348
A77,1.376251001,103.8399554
A78,1.374648501,103.8383868
A8,1.368756071,103.8433077
A81,1.374355553,103.8364788
A82,1.375674922,103.8363987
A85,1.365107378,103.8497094
A87,1.366826359,103.8578842
A88,1.366280716,103.8472665
A9,1.36807437,103.8443922
A94,1.371859827,103.838316
A98,1.369164311,103.8318542
ACB,1.301063272,103.854118
ACM,1.32100429,103.8850609
AH1,1.328283495,103.8446199
AM16,1.370349801,103.8357183
AM18,1.365540013,103.8446194
AM19,1.368886198,103.834531
AM20,1.364697733,103.8460886
AM22,1.364588291,103.847653
AM32,1.370532524,103.8343768
AM43,1.368584224,103.8573099
AM46,1.372178323,103.8533964
AM51,1.369915002,103.8466985
AM79,1.372358192,103.8513967
AM80,1.37064699,103.8418615
AM81,1.371639242,103.8419478
AM96,1.364074149,103.8509404
AR1L,1.303876719,103.7826318
AR1M,1.302848684,103.7836668
AR2L,1.305913234,103.7811547
AR2M,1.304738893,103.7816745
AR5M,1.307343527,103.7844633
AR7L,1.305807721,103.7855911
AR7M,1.304771377,103.785192
AR9,1.307284363,103.7834396
AV1,1.285582555,103.8032153
B0087,1.3013034071461544,103.86037519945218
B10,1.329028331,103.9337077
B11,1.328342005,103.9303962
B14,1.329159093,103.9314451
B16,1.323501118,103.9405595
B17,1.324217738,103.9418572
B19,1.321924546,103.940961
B20,1.319799714,103.9434204
B21,1.328177963,103.9410465
B23T,1.332299108,103.9399783
B24,1.33264716,103.9382946
B25,1.332969119,103.9404903
B26,1.334307987,103.9403406
B27,1.334117747,103.9380381
B28,1.33254479,103.9355711
B30,1.329942835,103.9387534
B31,1.328501234,103.9388502
B32,1.32741067,103.9367575
B33,1.327240858,103.9358002
B34,1.328312294,103.9356734
B35,1.329058097,103.9351762
B40,1.332549948,103.9327701
B41,1.332554918,103.9314929
B42,1.332451791,103.9308212
B43,1.331105187,103.9276034
B44,1.333971252,103.9275088
B44B,1.332264404,103.9229186
B45,1.331679984,103.925429
B46,1.331321224,103.924182
B47,1.330895915,103.9222478
B48,1.330095928,103.9234212
B49,1.332185767,103.9266682
B50,1.330447091,103.9130666
B51,1.3321465,103.9163962
B52,1.33390918,103.9178942
B53,1.334251489,103.9151772
B54,1.333363744,103.9152037
B57,1.335843395,103.9190193
B59,1.337459185,103.9259534
B6,1.326330497,103.9303395
B60,1.337194222,103.9290567
B63,1.338153727,103.9226165
B65,1.32003291,103.9456593
B66,1.330548155,103.9043396
B67,1.332015772,103.9063948
B69,1.333426184,103.9419707
B7,1.32513124,103.9319217
B70,1.326289845,103.9279955
B71,1.324293889,103.9243004
B72,1.33437706,103.9073898
B73,1.332492268,103.9069672
B74,1.332846853,103.9090553
B75,1.333038103,103.9175262
B79,1.336776156,103.9374066
B7A,1.327131692,103.934037
B7B,1.326521502,103.93484
B8,1.325881496,103.9282762
B80,1.338268304,103.9233606
B81,1.323211124,103.9349426
B83,1.326469014,103.9222713
B84,1.32622611,103.9342048
B85,1.326080246,103.9413578
B86,1.330720263,103.9355693
B88,1.322250932,103.938324
B89,1.330959179,103.9372655
B9,1.330172709,103.9338152
B90,1.322520623,103.9396488
B91,1.332797324,103.9142523
B92,1.321697394,103.9339351
B94,1.332260166,103.9293574
B94A,1.331303628,103.9291792
B95,1.32551298,103.9350827
B96,1.32496629,103.9329516
B97,1.33615579,103.9235081
B99M,1.327488075,103.9227613
BBB,1.296580028,103.8536632
BBM1,1.346436654,103.7453823
BBM2,1.350867071,103.7498822
BBM3,1.344506283,103.7599178
BBM5,1.343242885,103.7579336
BBM7,1.347355328,103.7436955
BBM8,1.349969285,103.7485105
BBM9,1.365830635,103.7517718
BE10,1.347741037,103.8532954
BE11,1.349779455,103.8530414
BE12,1.350023317,103.8509698
BE13,1.344885541,103.8515276
BE14,1.347059123,103.8554317
BE18,1.358351091,103.8310862
BE19,1.34885537,103.8482018
BE22,1.349436594,103.849655
BE23,1.350095907,103.8497629
BE25,1.355154368,103.8483089
BE26,1.355895235,103.8484567
BE27,1.356656214,103.8486311
BE28,1.357925784,103.8480504
BE29,1.3574527,103.8459009
BE30,1.357463972,103.8464453
BE31,1.358866864,103.8460952
BE32,1.359171016,103.8466725
BE33,1.3601707,103.8448201
BE34,1.360961036,103.8436216
BE35,1.361420683,103.8430845
BE36,1.35749517,103.8445354
BE37,1.358007941,103.8444208
BE38,1.35889863,103.8445665
BE39,1.359196402,103.8419713
BE4,1.346495537,103.8483778
BE40,1.357311178,103.8426402
BE42,1.355561781,103.8445481
BE44,1.357770155,103.8315914
BE45,1.356308344,103.8436738
BE5,1.346177376,103.8509611
BE6,1.344748214,103.8518833
BE7,1.345004699,103.8530229
BE8,1.344436392,103.8553148
BE9,1.347170262,103.8561828
BH1,1.324991365,103.8424599
BH2,1.326045973,103.8428582
BJ1,1.37395668,103.769323
BJ10,1.378939287,103.7706552
BJ11,1.380763687,103.7718799
BJ12,1.380253263,103.7744886
BJ13,1.377003622,103.7747788
BJ14,1.378986938,103.7735291
BJ15,1.377494482,103.7737819
BJ16,1.377506517,103.7736203
BJ17,1.381250233,103.7689457
BJ18,1.38096997,103.7681115
BJ19,1.384033759,103.7683839
BJ2,1.376135031,103.7666613
BJ20,1.386057947,103.7697817
BJ21,1.38594478,103.770672
BJ23,1.377634551,103.7729511
BJ24,1.383267484,103.7704683
BJ25,1.38489913,103.7717252
BJ26,1.383809074,103.7726994
BJ27,1.382640538,103.7709504
BJ28,1.378924834,103.765546
BJ29,1.384938092,103.7676831
BJ3,1.377310194,103.7693773
BJ30,1.387029282,103.7689793
BJ31,1.387898151,103.7675184
BJ32,1.386557416,103.7668476
BJ33,1.379119502,103.7720111
BJ34,1.38779606,103.7664901
BJ35,1.387024333,103.7658722
BJ36,1.386262892,103.7652959
BJ37,1.38537581,103.7646607
BJ38,1.385136691,103.7634266
BJ39,1.384231798,103.7628601
BJ4,1.375459719,103.7723545
BJ40,1.382825788,103.7629016
BJ41,1.37551205,103.7654545
BJ42,1.376921278,103.7642864
BJ43,1.381720446,103.7616776
BJ44,1.380648941,103.7649868
BJ45,1.378687961,103.7650088
BJ48,1.38718579,103.764603
BJ49,1.38489746,103.7614868
BJ50,1.388183995,103.7736013
BJ51,1.379398409,103.7634643
BJ52,1.379113361,103.7626379
BJ53,1.389705481,103.7719198
BJ54,1.388947394,103.7734725
BJ55,1.386282945,103.760777
BJ56,1.385891216,103.7589498
BJ57,1.385251203,103.7601704
BJ58,1.38752443,103.7712726
BJ60,1.388262002,103.7694762
BJ61,1.388979662,103.7678127
BJ62,1.384268625,103.7713963
BJ63,1.381315511,103.7702911
BJ65,1.384704157,103.7587614
BJ66,1.386248576,103.7577026
BJ67,1.387349956,103.7579829
BJ68,1.385381725,103.7699702
BJ8,1.374612729,103.7737107
BJMP,1.377766424,103.7735152
BKE1,1.307818931,103.8515963
BKE4,1.31445037,103.856841
BKE7,1.312659416,103.8553227
BKE9,1.307337213,103.8514638
BKRM,1.317276303,103.8613681
BL10,1.343761841,103.7114251
BL13,1.344692588,103.7150352
BL15,1.34597152,103.7075622
BL17,1.347871241,103.7077407
BL18,1.346488452,103.7144373
BL19,1.348777281,103.7133457
BL22,1.342543506,103.7137499
BL23,1.349560589,103.7115798
BL3,1.346874708,103.7092346
BL8,1.345425134,103.7133909
BLK 546A WOODLANDS DRIVE 16,HDB,
BLM,1.31550644,103.8609587
BM1,1.286273508,103.8096692
BM10,1.288095999,103.8140698
BM13,1.286898204,103.8121918
BM14,1.289040737,103.8088479
BM19,1.285712448,103.8187026
BM2,1.286850768,103.8099531
BM20,1.285247296,103.8187602
BM26,1.287279708,103.8074079
BM28,1.283999331,103.8158232
BM29,1.283634706,103.8170992
BM3,1.287707766,103.8115278
BM30,1.283234333,103.8167334
BM31,1.28244913,103.816575
BM4,1.287667284,103.8089551
BM5,1.288431556,103.8076195
BM6,1.289533391,103.8137645
BM9,1.289097999,103.814358
BMVM,1.284626289,103.8231292
BP1,1.272794946,103.82487
BP2,1.274091691,103.8270043
BR10,1.32301854,103.8545043
BR11,1.326261839,103.8589644
BR12,1.32721508,103.8577183
BR14,1.325955651,103.8599835
BR4,1.32357726,103.8554214
BR5,1.324908971,103.8581906
BR6,1.323038825,103.8535358
BR8,1.325160011,103.8545583
BR9,1.31896257,103.8507431
BRB1,1.306066749,103.850586
BRBL,1.306596894,103.8507075
BRM,1.320747202,103.8661729
BRM1,1.326485488,103.856729
BRM3,1.321486174,103.8547025
BRM4,1.322730325,103.856074
BRM5,1.327543828,103.8594859
BRM6,1.327783114,103.8611934
BRM7,1.324373897,103.855402
BTM,1.286783924,103.8332897
BTM2,1.286963082,103.829641
BTM3,1.28631122,103.8286983
BVM2,1.283492803,103.8233757
BWM,1.286875302,103.8066545
C0148,1.3110998019417506,103.83975443423321
C0162,1.294103456467567,103.84455337328235
C10,1.318463207,103.7689629
C11,1.31589499,103.7661416
C12,1.321789844,103.7661061
C13M,1.320563371,103.7661798
C14M,1.317392375,103.7651855
C16,1.314313927,103.7624816
C17,1.313857729,103.7638966
C18,1.312271663,103.7633744
C18A,1.311756081,103.764187
C20,1.313347821,103.7652617
C20M,1.311504255,103.7656508
C21L,1.31101494,103.7670417
C21M,1.311661194,103.7665267
C22M,1.321746371,103.7702155
C24,1.324197621,103.7712867
C25,1.322392723,103.7690555
C26,1.322587761,103.7699291
C27,1.322242263,103.7705128
C28M,1.322361744,103.7620715
C29,1.312614612,103.7592318
C29A,1.311360936,103.7591849
C30,1.311458097,103.7614211
C31,1.310563194,103.7605991
C32,1.308625559,103.7590812
C33,1.304559438,103.7668576
C34,1.307010315,103.7609363
C35,1.305612302,103.7614392
C36,1.305309675,103.7635574
C37,1.303538317,103.7639717
C38,1.302806668,103.7625268
C3M,1.309813588,103.770131
C4M,1.311480109,103.7705025
C5,1.313102659,103.7695739
C6,1.314488114,103.7676912
C7,1.314842819,103.7705785
C8,1.316674657,103.7686311
C9,1.317649249,103.7703123
CAM,1.301821057,103.7982057
CC1,1.326621271,103.9229114
CC10,1.328685732,103.9255768
CC11,1.329095861,103.921634
CC12,1.326766094,103.9249255
CC4,1.325761538,103.9213875
CC5,1.324822461,103.9234007
CC6,1.323513814,103.9235646
CC7,1.325246206,103.9256873
CC8,1.326895488,103.9194412
CC9,1.327720116,103.9259951
CDM,1.301636409,103.7967914
CK1,1.377844092,103.7533965
CK10,1.380504753,103.7454349
CK11,1.378733823,103.7418689
CK12,1.381286117,103.7418157
CK13,1.382916724,103.7420406
CK14,1.380141023,103.7425287
CK15,1.37842621,103.740912
CK16,1.379628911,103.7392211
CK17,1.382073045,103.740691
CK18,1.380998423,103.7506231
CK19,1.380482819,103.7513306
CK2,1.379252781,103.7513717
CK20,1.383382965,103.7401337
CK21,1.384530647,103.7438201
CK22,1.383843877,103.745943
CK23,1.384144351,103.7415069
CK24,1.383326163,103.7433099
CK25,1.382289998,103.7437438
CK28,1.3800848,103.7441717
CK29,1.379745712,103.7441108
CK3,1.378605924,103.7500625
CK30,1.379028877,103.7453811
CK31,1.378750233,103.7449384
CK32,1.377394775,103.7439627
CK33,1.388697686,103.7429514
CK34,1.388577246,103.741097
CK35,1.390326969,103.7423973
CK36,1.392285902,103.7410873
CK37,1.394052995,103.7422298
CK38,1.393017938,103.7448258
CK39,1.396147253,103.7442778
CK3A,1.37949253,103.7499803
CK4,1.380143703,103.7516624
CK40,1.395380762,103.7461474
CK41,1.39095742,103.746457
CK42,1.392769042,103.7467304
CK44,1.392588835,103.7491367
CK45,1.394517941,103.7499668
CK46,1.39526631,103.7495321
CK47,1.39523945,103.7476994
CK48,1.397374522,103.7452218
CK49,1.39874473,103.743535
CK50,1.400411957,103.7437849
CK51,1.399642189,103.7475813
CK52,1.40065903,103.7502364
CK53,1.401554388,103.7501863
CK54,1.398136841,103.7491167
CK55,1.397112338,103.748509
CK56,1.401196047,103.7466707
CK57,1.402239354,103.7483237
CK58,1.40188001,103.7448791
CK59,1.376811917,103.7420381
CK6,1.380732698,103.7531056
CK60,1.404294434,103.7458738
CK61,1.40408942,103.7489176
CK62,1.403839486,103.7498899
CK63,1.402863501,103.7508843
CK64,1.399762834,103.751303
CK65,1.392019461,103.7440359
CK66,1.393971314,103.7455362
CK6A,1.381035392,103.7531369
CK7,1.380282259,103.7519605
CK70,1.376933257,103.7381465
CK71,1.376687803,103.7386808
CK72,1.375547781,103.7409072
CK73,1.375294441,103.743387
CK74,1.373252753,103.7432164
CK75,1.37498244,103.7445083
CK76,1.374040452,103.7462067
CK77,1.376557232,103.7467137
CK78,1.37696478,103.7494232
CK8,1.382086079,103.7471057
CK8A,1.381218607,103.7489786
CK9,1.381495974,103.7449178
CK9A,1.380161829,103.7470141
CKM1,1.383596356,103.7408248
CKM2,1.398325246,103.7467257
CKM3,1.381152595,103.7365753
CKM4,1.378597761,103.7379567
CKM5,1.379248724,103.735608
CKM6,1.377451844,103.7356619
CKM7,1.37597356,103.7370709
CKM8,1.375049975,103.7383621
CKM9,1.377365192,103.7432966
CKT1,1.380315086,103.7385844
CLM,1.292483012,103.8144006
CLRG,1.319025352,103.7639686
CLTR,1.319360001,103.7651868
CM1,1.274458074,103.8392166
CR1,1.303270836,103.8633077
CR2,1.30468354,103.8656582
CR29,1.305783783,103.8567933
CR3,1.305068654,103.8643248
CR30,1.307600179,103.854941
CR31,1.306249745,103.8546982
CR6,1.305524328,103.8633527
CR7,1.305505881,103.8623393
CSM,1.287438074,103.8411652
CTM1,1.314744665,103.7640729
CV1,1.388329163,103.988178
CV2,1.389902483,103.9879889
CV3,1.389983118,103.9864869
CVBK,1.316516433,103.8610276
CY,1.300626028,103.8536649
D0006,1.279121361423107,103.84307668605454
D0026,1.3058961275027456,103.85356732694179
DRM1,1.280513156,103.8115435
DRM2,1.281299376,103.8078531
DRM3,1.280838377,103.8098679
DRM4,1.280870652,103.8123659
DRM5,1.281331883,103.8094774
DRS,1.280469756,103.8129928
DUXM,1.276977381,103.8410541
DWST,1.295216241,103.8119707
DWSV,1.295306795,103.8096169
E0023,1.3086487746583644,103.9362443048082
E0024,1.3073484560087358,103.93582213910925
E0027,1.306893520703497,103.92999292150216
EC2,1.322615728,103.9044421
EC3,1.321156734,103.9044758
EC4,1.320516456,103.9026924
EC7,1.317783703,103.9016257
EC8,1.319226865,103.9032081
ECM,1.320029988,103.9016271
EI3,1.318846467,103.8983797
EPL,1.277163553,103.8399127
EPM,1.276184436,103.8389082
FR2C,1.318278391,103.8077126
FR3M,1.316694831,103.8062106
FR4M,1.316875727,103.8075345
FRM,1.308758633,103.8613647
G0005,1.3009525122830394,103.83745705625984
GBM,1.322772391,103.8686337
GE1A,1.319887489,103.8834378
GE1B,1.321205443,103.8869925
GE1C,1.31975879,103.8862991
GE1F,1.319209948,103.8842356
GE1G,1.320962409,103.8863088
GE2,1.317945422,103.8848394
GE3,1.317500992,103.8873633
GE5,1.31654978,103.8875653
GEM,1.320036814,103.8876027
GEML,1.319937742,103.8878498
GM1A,1.312554633,103.7869456
GM1M,1.309354432,103.7843689
GM2,1.311601403,103.7881601
GM2A,1.310938079,103.7872362
GM3,1.311155905,103.7888531
GM5,1.310381853,103.7885108
GM6A,1.309441605,103.7887282
GM6B,1.309611071,103.7876523
GMLM,1.308728312,103.7858206
GSM,1.317206714,103.8983401
GSML,1.317031228,103.8984885
H0015,1.3085901317745132,103.85406595189491
H0057,1.307959413362438,103.85449803048786
H12,1.291993773,103.827409
H14,1.288421209,103.8324438
H17,1.288167858,103.8278571
H18,1.288989741,103.8269788
H3,1.291008687,103.8325154
H4,1.288093897,103.8293714
H6,1.291369664,103.8289836
H8,1.287726965,103.8309221
HCM,1.289046048,103.8215599
HDB,W546,
HE1,1.289222143,103.8223554
HE12,1.288210023,103.8186506
HE17,1.286423061,103.8203888
HE19,1.290540619,103.8209851
HE24,1.284668093,103.8209853
HE3,1.284719003,103.8217117
HE4,1.283470913,103.8227829
HE9,1.283707366,103.8211938
HG10,1.354547713,103.8904836
HG11,1.365959085,103.8949804
HG12,1.366695127,103.898161
HG13,1.367835186,103.8985638
HG14,1.369197833,103.8964277
HG15,1.358960838,103.8867122
HG16,1.359726451,103.8880915
HG17,1.357675485,103.8879577
HG19,1.352785006,103.884153
HG1A,1.378663847,103.9017851
HG1B,1.375720843,103.9006892
HG1C,1.377389684,103.9036743
HG1D,1.363743381,103.8941133
HG2,1.362916282,103.8920255
HG20,1.350283507,103.8864275
HG22,1.352473457,103.8804324
HG23,1.357512578,103.8915463
HG24,1.359798107,103.8916917
HG25,1.359827339,103.8868899
HG29,1.372342271,103.8990805
HG2A,1.376372318,103.9007208
HG2B,1.375529907,103.8824558
HG2C,1.37006822,103.8972496
HG2D,1.379423099,103.8873921
HG30,1.373259132,103.8969659
HG31,1.375484544,103.8963178
HG32,1.371379058,103.8860602
HG33,1.369567772,103.8843751
HG34,1.369942472,103.8815031
HG35,1.366489723,103.8889637
HG36,1.366118548,103.8876039
HG37,1.373008633,103.8873707
HG38,1.372520863,103.8896986
HG39,1.3699434,103.8859678
HG4,1.364230425,103.8909834
HG41,1.37127612,103.8793501
HG42,1.374161036,103.8834179
HG43,1.372113117,103.8843042
HG44,1.37364879,103.8863297
HG45,1.375903827,103.88613
HG46,1.375857848,103.886963
HG47,1.371184089,103.8939622
HG48,1.37542517,103.8940937
HG49,1.378793343,103.8947593
HG5,1.365355318,103.8923108
HG50,1.377331836,103.8913337
HG51,1.378651048,103.8901131
HG52,1.38028263,103.8897556
HG53,1.370871826,103.8907031
HG54,1.356644354,103.8843547
HG55,1.37268343,103.8932122
HG56,1.371203251,103.8901223
HG60,1.379004378,103.8911938
HG61,1.379654028,103.8891544
HG62,1.380826996,103.8885596
HG64,1.374341253,103.8862976
HG67,1.374292663,103.8958176
HG68,1.369924451,103.8918395
HG69,1.369980742,103.8929698
HG7,1.353652999,103.887803
HG70,1.378973567,103.8885084
HG71,1.377702696,103.8863739
HG73,1.378304455,103.8835515
HG74,1.350820191,103.8880705
HG75,1.350591594,103.8889979
HG76,1.351811367,103.8794733
HG77,1.375454194,103.8842441
HG78,1.376775646,103.8832659
HG79,1.376048072,103.8804913
HG80,1.374190131,103.8790675
HG86,1.374661406,103.880528
HG87,1.375920928,103.8778632
HG88,1.376002601,103.8886
HG89,1.37784239,103.894029
HG9,1.358910533,103.8845199
HG90,1.377881421,103.8778435
HG91,1.378017496,103.8802201
HG92,1.362267218,103.8900702
HG93,1.379917677,103.8801175
HG94,1.381561002,103.8806478
HG95,1.353977867,103.8901002
HG96,1.352681252,103.8897691
HG97,1.371222138,103.8947574
HG98,1.379905358,103.8776874
HG99,1.349434699,103.8890479
HG9T,1.358648388,103.8852387
HLM,1.284852235,103.8455194
HR1,1.311462635,103.8975454
HR2,1.312632457,103.8970287
HR3,1.313980131,103.8963877
HR4,1.314692406,103.8960014
HR5,1.313018646,103.8950993
HVM,1.289869482,103.8277184
J0017,1.3089312793016843,103.90342597378925
J0100,1.2740710679512592,103.79551529813891
J1,1.336429723,103.7380983
J10,1.342016683,103.7400937
J11,1.342919667,103.7399377
J12,1.343362925,103.7382609
J14,1.34409384,103.7390798
J15,1.344041811,103.7414179
J16,1.344401082,103.7356433
J17,1.34566908,103.7354734
J18,1.346890757,103.7348451
J19,1.347925792,103.7339566
J2,1.33860776,103.7367713
J20,1.346203838,103.7324764
J21,1.34906413,103.7298694
J22,1.351320352,103.7301985
J23,1.35002832,103.7320159
J23M,1.349019191,103.7321332
J24,1.345732556,103.7310609
J25,1.344863969,103.7316456
J26,1.34492186,103.7305968
J27,1.346887336,103.7166694
J3,1.339494837,103.7354848
J32,1.345806661,103.7204749
J33,1.34577449,103.7178799
J34,1.347067663,103.7200857
J35,1.348117157,103.7195176
J36,1.35217192,103.7154564
J37,1.351295962,103.7158018
J38,1.349118094,103.7185855
J39,1.350157499,103.7213475
J4,1.337530169,103.7419026
J40,1.350029732,103.7228784
J41,1.348289456,103.7220323
J43,1.347924854,103.7252685
J44,1.346847611,103.7246365
J45,1.348985181,103.7267854
J46,1.349754137,103.7190584
J47,1.350257476,103.7180208
J48,1.352172767,103.7184799
J49,1.353455799,103.7189495
J49M,1.353782582,103.719676
J5,1.338314475,103.7424182
J50,1.353707209,103.7225209
J51,1.353556074,103.7246295
J52,1.351436402,103.7245942
J53,1.35074095,103.7267264
J54,1.349926571,103.7245099
J55,1.348637315,103.7242909
J56,1.334892647,103.7393111
J57,1.333976117,103.7391199
J57L,1.334467592,103.739858
J6,1.3390681,103.7388514
J60L,1.349754615,103.7178723
J60M,1.349371297,103.7178978
J61,1.34007678,103.6884249
J62,1.340889782,103.6854076
J62M,1.339873028,103.6865554
J63,1.341779263,103.6864428
J64,1.344473346,103.7318524
J65,1.342770487,103.6892958
J66,1.341298039,103.6911289
J67,1.341643989,103.6927623
J68M,1.34205593,103.6919225
J69,1.339687397,103.6936407
J7,1.341543873,103.7380331
J70,1.343687036,103.6935087
J71,1.346227648,103.6941744
J72,1.347267285,103.6977338
J73,1.343995386,103.6982221
J74,1.342664584,103.6961123
J75M,1.34413466,103.693089
J76M,1.344304412,103.6945292
J77M,1.347445424,103.6985606
J78M,1.341565855,103.6951233
J79M,1.346501084,103.6949388
J8,1.340430194,103.741574
J80M,1.345547343,103.7009695
J81M,1.349591459,103.7001773
J82M,1.345850008,103.6924501
J83M,1.350220653,103.6950644
J84M,1.347724683,103.6964786
J85M,1.34997719,103.6962349
J86M,1.349962272,103.6990901
J88M,1.341679268,103.7072062
J89M,1.342375345,103.7059008
J9,1.342122435,103.7420009
J90,1.341534087,103.7474295
J91,1.337468214,103.7440956
J92,1.337492089,103.7468549
J93,1.339192631,103.7450897
J94,1.339672342,103.7431969
J95,1.340074019,103.7470869
J96,1.341478738,103.7448916
J97,1.342389295,103.7459395
J98M,1.339778802,103.696857
J99M,1.339733303,103.696043
JB1,1.302401825,103.8827866
JB2,1.301627607,103.8829967
JB3,1.30052504,103.8842884
JB4,1.303483221,103.8831688
JBM,1.27919666,103.8271259
JBM2,1.280153446,103.825292
JCM,1.315252951,103.898856
JCML,1.315155077,103.8986346
JKM,1.287187976,103.8390028
JKS,1.288164623,103.8396404
JM1,1.345070539,103.7206504
JM10,1.338948679,103.6972875
JM11,1.34179679,103.704149
JM12,1.341120971,103.6984364
JM13,1.339470947,103.6997449
JM14,1.342400674,103.6987696
JM15,1.340888829,103.7000824
JM16,1.337215564,103.702123
JM17,1.335313826,103.7040861
JM18,1.342996629,103.6995293
JM19,1.351973692,103.7028211
JM2,1.34393554,103.7049636
JM20,1.335377086,103.7009565
JM21,1.337074567,103.6971779
JM22,1.344748542,103.7025917
JM23,1.353562688,103.7037874
JM24,1.335287484,103.6980598
JM25,1.34430368,103.7006282
JM26,1.345572547,103.7031337
JM27,1.346304767,103.7045845
JM28,1.335327222,103.6956878
JM29,1.337005064,103.6945045
JM3,1.344589047,103.7060668
JM30,1.350499126,103.7038848
JM31,1.342026652,103.6975593
JM32,1.341599934,103.7080809
JM4,1.344441894,103.7039127
JM5,1.339485124,103.7031426
JM6,1.339213857,103.701765
JM7,1.342485928,103.7030065
JM8,1.341344251,103.7015026
JM9,1.338659212,103.6968179
JMB1,1.281934892,103.8270175
JMB2,1.285135144,103.8267956
JMB3,1.282596291,103.8255985
JRM,1.30716702,103.8618542
JRTM,1.289358727,103.8103277
JSA1,1.348417852,103.7252129
K0082,1.3060643999336945,103.86731520521826
K0111,1.309743436667126,103.8532569434198
K0121,1.306579163961294,103.8540518138273
K10,1.309415365,103.8844165
K19,1.307862293,103.8893036
K2,1.308736475,103.8823513
K2T,1.307538013,103.8835436
K7,1.308894519,103.8860169
KAM,1.281925921,103.8432686
KAML,1.282330162,103.8432576
KAS,1.28057211,103.8427729
KB1,1.323573604,103.8689003
KB10,1.318903304,103.8635926
KB11,1.320582681,103.863722
KB12,1.3191062,103.8615866
KB14,1.320557705,103.8700619
KB17,1.31766412,103.8629102
KB18,1.322703301,103.8657335
KB20,1.323749477,103.8664426
KB3,1.320828035,103.8696551
KB4,1.323129961,103.870683
KB7,1.321585781,103.8704784
KBM,1.320239288,103.8691246
KE1,1.32975278,103.9089061
KE2,1.332528724,103.9105553
KE3,1.333909323,103.9119596
KE3M,1.334021142,103.9114101
KE4,1.3336671,103.9132461
KEM1,1.308916692,103.8525143
KJ1,1.313633834,103.8520412
KJ2,1.313250655,103.8506799
KJ3,1.314426616,103.8499306
KJ4,1.316586908,103.8514702
KJM1,1.316045977,103.8488762
KJM2,1.311679344,103.8520472
KJML,1.312220882,103.8516064
KLM,1.306163378,103.8568336
KM1,1.310112141,103.8839461
KM2,1.30877082,103.8877371
KM3,1.308503978,103.8829465
KM4,1.308492553,103.8853628
KTM,1.283069383,103.828651
KTM2,1.28344648,103.8274762
KTM3,1.280639435,103.828648
KTM4,1.281481446,103.8272973
KTM5,1.282529097,103.8294614
KTM6,1.281856452,103.8292434
KU1,1.329495355,103.9030838
KU2,1.32767355,103.9043452
KU3,1.326421438,103.9024516
KU4,1.325554722,103.9000514
KU9,1.329908127,103.9010898
L0064,1.3138418922590445,103.87984207773486
L0078,1.3191579615926596,103.91187813269345
L0104,1.3902114129018883,103.98732091158162
L0107,1.3137312534590921,103.879441454655
L0116,1.31297192802134,103.88051592242522
L0117,1.3153286534479876,103.88280272824034
L1,1.349505832,103.8753546
LBM,1.289296904,103.8152284
LT1,1.323036536,103.9115756
LT2,1.323908174,103.9108737
LT3,1.325035931,103.9104926
M0076,1.3252001004070917,103.84890841545035
M0078,1.2665572188609842,103.82037098540381
M1,1.323074781,103.8864364
M16,1.328431167,103.8866723
M20,1.327590453,103.8872656
M25,1.324225444,103.8881777
M3,1.330680856,103.8857074
M32,1.322312871,103.882793
M33,1.323245792,103.8821727
M35,1.327281852,103.885915
M36,1.326703518,103.885456
M37,1.327677409,103.8856051
M38,1.327153049,103.8874767
M4,1.329022794,103.8876597
MLM,1.293365005,103.8034545
MLM1,1.29203197,103.8035302
MM1,1.3304551,103.8870636
MM2,1.324339688,103.8860942
MM3,1.326266278,103.8880186
MM4,1.329329657,103.8854866
MN1,1.322029474,103.8592002
MN2,1.318049689,103.8563684
MNM,1.321042155,103.8598354
MNRM,1.320540215,103.8594305
MP1,1.30481836,103.9175222
MP12,1.303181701,103.9076499
MP13,1.301686373,103.9088509
MP14,1.302545176,103.9069507
MP15,1.302682472,103.9059786
MP16,1.301980581,103.9066578
MP17,1.306127767,103.9148955
MP19,1.301311862,103.9063486
MP1M,1.302855262,103.91001
MP2,1.304224614,103.9166577
MP2M,1.303636521,103.9128796
MP3M,1.304357296,103.9153408
MP4M,1.303996614,103.9141972
MP5,1.306109647,103.9161652
MP5M,1.305448024,103.9124784
MP5S,1.304672037,103.9125692
MP6,1.30549658,103.9163814
MP7,1.305581278,103.9146888
MR4,1.307914043,103.8599731
MR5,1.308135251,103.8607918
MR6,1.307167406,103.8605365
MR7,1.307512039,103.8603528
N0006,1.2793383109971352,103.84191274173004
NBRM,1.304003617,103.8630104
O0028,1.284380404146159,103.83543041047004
P0048,1.2833483597834672,103.84053784909122
P0054,1.276199590285395,103.79131016138153
P0094,1.278902209141637,103.78560248250301
P0096,1.29980874920638,103.84212527391578
P0106,1.2915978691049539,103.76812504370315
P0111,1.301759650174214,103.86086565472472
P0113,1.2753574846084121,103.79247441821592
P0117,1.2774732980424977,103.84526725219939
P1,1.399325523,103.907016
P11,1.321204214,103.7483559
P13,1.32069016,103.7504078
P14,1.319353618,103.7491754
P15,1.319834823,103.7481482
P16,1.319882381,103.7471648
P17,1.318821467,103.747384
P2,1.400096829,103.9060155
P3,1.398456837,103.9057745
P4,1.397227162,103.9056229
P5,1.396877555,103.9076419
P6,1.395368569,103.9094623
P7,1.395427967,103.9064702
P8,1.394228446,103.9109139
P9,1.392923918,103.9125375
PL10,1.396647592,103.9103062
PL11,1.398114413,103.9086506
PL12,1.392370667,103.9094061
PL13,1.393588655,103.9103894
PL14,1.402396877,103.9050495
PL15,1.394862519,103.912585
PL16,1.398608857,103.9093683
PL17,1.398717291,103.9163889
PL18,1.396092847,103.9143165
PL19,1.399684772,103.9101039
PL20,1.399555867,103.9151959
PL21,1.394970785,103.9154658
PL22,1.397739898,103.9159112
PL23,1.399766897,103.9036886
PL24,1.39955196,103.908336
PL25,1.395519825,103.9117777
PL26,1.397283842,103.9153032
PL27,1.39846314,103.9030729
PL28,1.402009204,103.906516
PL29,1.400538847,103.913266
PL30,1.394353945,103.9140938
PL31,1.403678583,103.906198
PL32,1.40484725,103.9046067
PL33,1.401255387,103.9098907
PL34,1.403862281,103.9079825
PL35,1.403119329,103.9072935
PL36,1.406019757,103.9062231
PL37,1.403234914,103.9096571
PL38,1.404599231,103.9086339
PL39,1.404000204,103.8979528
PL40,1.403721063,103.8991503
PL41,1.402651088,103.9019427
PL42,1.402126424,103.9116973
PL43,1.401714398,103.9030958
PL44,1.398856557,103.9013288
PL45,1.39362938,103.9145002
PL46,1.400259432,103.9116298
PL47,1.400626978,103.9009163
PL48,1.403005118,103.9003838
PL49,1.399318536,103.9003918
PL50,1.401419289,103.8994382
PL51,1.400010435,103.8986761
PL52,1.410195118,103.9014605
PL53,1.405276533,103.8982109
PL54,1.404506226,103.8953443
PL55,1.405404806,103.8968416
PL56,1.407069979,103.9117299
PL57,1.401920864,103.9146872
PL58,1.399914839,103.9167907
PL59,1.408109322,103.8987607
PL60,1.405822999,103.9132581
PL61,1.406114902,103.9088899
PL62,1.405533926,103.8955284
PL65,1.409762448,103.8997228
PL66,1.393583292,103.9083695
PL67,1.40847387,103.8975134
PL68,1.402849777,103.895639
PL69,1.402534759,103.9176146
PL70,1.403078094,103.893284
PL71,1.404017644,103.9157919
PM10,1.366746421,103.962474
PM11,1.364793275,103.963457
PM12,1.364905493,103.9650289
PM13,1.366473555,103.9595977
PM14,1.364708433,103.9601054
PM15,1.364160134,103.9616771
PM16,1.362358733,103.9627206
PM17,1.362792853,103.9597007
PM18,1.36475655,103.9568798
PM19,1.367956778,103.9570227
PM2,1.370073066,103.9610129
PM20,1.368041633,103.947456
PM21,1.371196982,103.9494154
PM22,1.368562431,103.9522137
PM23,1.368681755,103.9495037
PM24,1.36718518,103.9513153
PM25,1.376390131,103.9456089
PM26,1.373867573,103.9439927
PM27,1.373960189,103.946596
PM28,1.374700109,103.947766
PM29,1.377333641,103.9433737
PM3,1.37180035,103.960933
PM30,1.375745384,103.9421772
PM32,1.379306774,103.9400987
PM33,1.377080924,103.9398767
PM34,1.378000605,103.938712
PM35,1.380769512,103.9386414
PM36,1.382416559,103.9370705
PM37,1.381924788,103.9360195
PM38,1.378947581,103.9372425
PM4,1.374105919,103.9614427
PM40,1.377947613,103.9353837
PM41,1.37873742,103.9341244
PM43,1.377177077,103.933147
PM44,1.375965618,103.9332995
PM45,1.374601955,103.9359049
PM46,1.373224587,103.938387
PM5,1.373770353,103.962608
PM6,1.370802196,103.9633947
PM7,1.367557638,103.9632499
PM8,1.37163599,103.9602559
PM9,1.368291967,103.9612161
PP1,1.334004902,103.869214
PP2,1.332680145,103.8660545
PP3,1.333601983,103.8658445
PP4,1.334732912,103.8661192
PP5,1.336313102,103.8632229
PP6,1.332283736,103.8676147
PP9T,1.332194678,103.8660601
PR1,1.36733184,103.9579998
PR10,1.373738956,103.9571828
PR12,1.36871369,103.952683
PR13,1.369476386,103.9496188
PR14,1.366686089,103.9514927
PR2,1.367274803,103.9554428
PR3,1.371063423,103.9507156
PR4,1.372934646,103.9545205
PR6,1.369379059,103.957594
PR7,1.371009412,103.9576851
PR8,1.371267841,103.9595744
PRM,1.285450368,103.84227
PRS1,1.368017156,103.9603263
Q0006,1.2999226816586922,103.85336325926622
Q16,1.296933726,103.8037167
Q17,1.296206346,103.8038246
Q19,1.294701007,103.803258
Q65,1.30552382,103.7987539
Q66,1.30670479,103.7994973
Q67,1.307172812,103.8005433
Q68,1.306877426,103.7990047
Q70,1.307346071,103.8005493
Q73,1.306253309,103.8003917
Q75M,1.308311929,103.7936989
Q77M,1.311593204,103.7920156
Q8,1.294206414,103.7995693
Q80,1.308536481,103.7927017
Q81,1.307536743,103.7931643
Q82,1.310998184,103.7943015
Q84,1.306780988,103.7966732
Q85,1.308234591,103.7920457
Q86,1.294563482,103.8038719
Q87,1.308878937,103.7962384
Q88,1.292990561,103.8005597
Q89,1.306246135,103.7950498
Q94,1.307637808,103.8005611
Q96,1.295347167,103.8044053
R0038,1.3109181708259368,103.85225012243872
RC1,1.32854681,103.8515537
RC2,1.327687747,103.8530706
RC3,1.328285544,103.8545641
RCM,1.307157291,103.8554168
RHM,1.286463927,103.8185776
RHM2,1.28697769,103.8169568
RHM3,1.287915777,103.8172732
RHM4,1.287958318,103.8157926
RHS,1.288288614,103.8156164
S0108,1.3187009455986374,103.85066866815704
S0112,1.2680395173231764,103.81759598210823
S0150,1.3024545607005944,103.86058819582028
S0166,1.4536053090322303,103.83312813744674
S100,1.396862609,103.8817469
S102,1.389273974,103.9076001
S103,1.396295624,103.8952657
S104,1.390179473,103.8930395
S105,1.389699761,103.894446
S106,1.381380232,103.8900564
S107,1.399229518,103.8896473
S108,1.39809995,103.8969315
S109,1.391571987,103.8798987
S19L,1.451366057,103.8209114
S24L,1.45316111,103.8237047
S28L,1.454820084,103.816755
S30L,1.3945617,103.8948302
SAM2,1.293966567,103.8110073
SB1,1.446480287,103.8220573
SB10,1.452480883,103.8153178
SB11,1.451696111,103.8166379
SB12,1.453165066,103.8190629
SB13,1.454311059,103.8164337
SB15,1.448927181,103.8166936
SB16,1.448216045,103.8173212
SB17,1.450908114,103.82369
SB18,1.448931121,103.8137014
SB19,1.451591643,103.8213577
SB2,1.446448335,103.8205027
SB20,1.450271733,103.822508
SB21,1.451781286,103.8142356
SB22,1.451167557,103.8202883
SB23,1.450035381,103.8183892
SB24,1.452322396,103.8235495
SB25,1.450190059,103.824787
SB26,1.456465018,103.815224
SB27,1.456622416,103.8173965
SB28,1.454863339,103.8156384
SB29,1.453045093,103.8200734
SB3,1.444937699,103.8187405
SB30,1.455468086,103.8135398
SB31,1.455526679,103.8145232
SB32,1.450237534,103.8263772
SB33,1.451213898,103.8274329
SB34,1.454645034,103.8135216
SB36,1.447434316,103.8339823
SB38,1.444643047,103.8326927
SB4,1.444079707,103.8212732
SB40,1.446072465,103.8287072
SB5,1.446077602,103.818241
SB6,1.445341201,103.8225551
SB7,1.446614113,103.8149265
SB8,1.447080963,103.8171494
SB9,1.447603143,103.8154982
SD1,1.316572678,103.8770833
SD11,1.31638569,103.8794488
SD2,1.31692246,103.8783649
SD3,1.317329964,103.8792476
SD4,1.316578348,103.8802418
SD5,1.317768921,103.8799149
SD9,1.31176147,103.8734959
SDM,1.312460212,103.8744514
SDM2,1.316132795,103.8784551
SE11,1.370226001,103.8734194
SE12,1.357843857,103.8730891
SE13,1.356571683,103.8703302
SE14,1.354552224,103.8699887
SE15,1.352894926,103.8694101
SE16,1.35261889,103.8677199
SE17,1.351714441,103.8677094
SE18,1.350197483,103.8704641
SE19,1.354744913,103.8736912
SE20,1.351577568,103.8720988
SE21,1.353436181,103.8720161
SE22,1.354156732,103.8721288
SE23,1.354049907,103.8708389
SE24,1.352764397,103.8714942
SE25,1.346310249,103.8727234
SE26,1.348961711,103.8741398
SE27,1.348394753,103.8762489
SE28,1.348195706,103.8736233
SE29,1.349902687,103.8757993
SE31,1.371511971,103.8736719
SE32,1.372284801,103.8722967
SE33,1.374161738,103.8726078
SE34,1.373941085,103.8743072
SE35,1.373099118,103.876253
SE37,1.371587551,103.874889
SE38,1.373953245,103.8757153
SE39,1.373503672,103.8717029
SE40,1.372540957,103.870023
SE41,1.374047654,103.870212
SE42,1.37087974,103.8751047
SE43,1.370494627,103.8756824
SE50,1.353901343,103.8686104
SE51,1.35520986,103.8723892
SE53,1.369378095,103.8750505
SE9,1.368417342,103.8744599
SG1,1.323228034,103.8610063
SG2,1.32411624,103.8622121
SG3,1.325147,103.8621767
SG4,1.323307854,103.8631036
SGLM,1.322696363,103.8602441
SH1,1.350736127,103.8381765
SH2,1.352048046,103.8368345
SI1,1.341109438,103.9513179
SI10,1.345569979,103.9571232
SI11,1.34517257,103.9592649
SI12,1.345870265,103.9589284
SI13,1.342044433,103.9572409
SI2,1.344011471,103.9519156
SI4,1.344856605,103.9522749
SI6,1.346901825,103.9556254
SI7,1.347429684,103.9562922
SI8,1.347209307,103.9571221
SI9,1.345775348,103.9554395
SIM1,1.343164542,103.9504538
SIM2,1.34610646,103.9539197
SIM3,1.345370177,103.9581663
SIM4,1.343593183,103.9535464
SIM5,1.34252729,103.9522805
SIM6,1.342966455,103.9589437
SK1,1.388406087,103.9041613
SK10,1.390264017,103.898236
SK11,1.388403181,103.8994635
SK12,1.38320148,103.900658
SK13,1.38817411,103.9007436
SK14,1.389815036,103.9053373
SK15,1.393603843,103.8995342
SK16,1.383729704,103.9009038
SK17,1.392821391,103.8987068
SK18,1.39467897,103.904551
SK19,1.394773253,103.9024282
SK2,1.390283407,103.9001141
SK20,1.394106895,103.9039143
SK21,1.38280472,103.9031595
SK22,1.387224448,103.9052154
SK23,1.386223373,103.9060947
SK24,1.393714384,103.9067577
SK25,1.39292097,103.8979558
SK26,1.393514342,103.8965586
SK27,1.385116452,103.9036057
SK28,1.387008719,103.8959008
SK29,1.388022573,103.8953899
SK3,1.386044181,103.8974259
SK30,1.393719842,103.8958413
SK31,1.393208223,103.9025659
SK32,1.387658346,103.8921644
SK33,1.388331502,103.8923997
SK34,1.39668095,103.9019708
SK35,1.395193571,103.8998436
SK36,1.388853429,103.8915411
SK37,1.387448651,103.8906087
SK38,1.39477668,103.8946894
SK39,1.396225748,103.8980479
SK4,1.382133018,103.9000621
SK40,1.390446756,103.8884034
SK41,1.388727954,103.8877762
SK42,1.387879205,103.8893331
SK43,1.396454582,103.8972496
SK44,1.389494371,103.8863803
SK45,1.39760052,103.8987382
SK46,1.392199196,103.8851114
SK47,1.390358119,103.8851823
SK48,1.390204066,103.8915078
SK49,1.39051302,103.8904558
SK5,1.387678488,103.9027451
SK50,1.393274849,103.8925612
SK51,1.393612513,103.8914761
SK55,1.387144437,103.9077694
SK58,1.38944472,103.878212
SK59,1.395433668,103.8958422
SK6,1.389467324,103.9009374
SK60,1.387759583,103.87326
SK61,1.38810499,103.8748573
SK62,1.388882781,103.8767195
SK63,1.38404661,103.8979773
SK64,1.384390987,103.8957422
SK65,1.383647184,103.8970059
SK66,1.391666842,103.9069385
SK67,1.381947898,103.8970958
SK68,1.383065387,103.8942424
SK69,1.392506225,103.876334
SK7,1.389069203,103.8979912
SK70,1.384295703,103.8947422
SK71,1.382077469,103.8941882
SK72,1.38514135,103.8938882
SK73,1.386111897,103.8942447
SK74,1.392168391,103.8775962
SK75,1.391610102,103.875111
SK76,1.385299504,103.9001179
SK77,1.39031568,103.8765328
SK78,1.391683899,103.8740703
SK79,1.386081383,103.9000334
SK8,1.389833374,103.9021881
SK80,1.393921993,103.876526
SK81,1.392027527,103.8732758
SK82,1.390945963,103.9093985
SK83,1.394189407,103.8734051
SK84,1.389871314,103.9100192
SK85,1.394240249,103.8781373
SK86,1.394381201,103.87716
SK87,1.393152022,103.873122
SK88,1.394021103,103.8741039
SK89,1.394869673,103.888548
SK9,1.390814165,103.9059218
SK90,1.394852436,103.8923579
SK91,1.385494391,103.891522
SK92,1.386158412,103.8929012
SK93,1.393937054,103.8753818
SK94,1.39636523,103.8893447
SK95,1.397970335,103.8898572
SK96,1.39291337,103.8782509
SK98,1.389592865,103.8800802
SK99,1.397023915,103.8785259
SLS,1.281675799,103.842977
SM1,1.357918085,103.8393282
SM3,1.354705141,103.8390666
SM9,1.355495312,103.8368427
SMM,1.293322433,103.8075822
SPM,1.273925817,103.8356316
SPS,1.275095461,103.8361731
STAM,1.292850191,103.8099398
STM1,1.290264277,103.8031927
STM2,1.2898291,103.8037024
STM3,1.289827051,103.8033265
T0103,1.3128601116279206,103.90081283677726
T0140,1.3068395612884625,103.89608109872438
T0141,1.304027885527464,103.89680482121817
T1,1.347395724,103.9462336
T11,1.350826206,103.943317
T12,1.35108601,103.9457646
T13,1.349023987,103.9457387
T15,1.353207564,103.9527616
T16,1.352550051,103.9523121
T17,1.351983646,103.9532687
T18,1.353137417,103.9539457
T19,1.354534086,103.9533459
T20,1.356214509,103.9473603
T24,1.354435326,103.947279
T25,1.352670759,103.947108
T26,1.352220928,103.9490982
T27,1.353005364,103.9481913
T28,1.354229234,103.9493984
T29,1.353968765,103.9509606
T3,1.346598132,103.9474328
T30,1.351063981,103.9494156
T31,1.351123536,103.9479787
T32,1.348943596,103.9504465
T34,1.348911627,103.9526858
T35,1.348883331,103.9542377
T37,1.347358095,103.9368644
T38,1.350012803,103.9392666
T39,1.346177595,103.9395894
T4,1.345420018,103.9498142
T41,1.348285841,103.9352805
T42,1.349288542,103.9327241
T43,1.351151382,103.9343341
T44,1.350712225,103.9353733
T45,1.353066409,103.9352058
T46,1.352497622,103.9365303
T48,1.353886838,103.93285
T49,1.35199088,103.93143
T49A,1.351415214,103.9334184
T50,1.350722445,103.9310009
T51,1.348714432,103.9316872
T55,1.356294749,103.9452519
T57,1.350746741,103.9330694
T7,1.345469697,103.9458054
T72,1.358094178,103.9456102
T73,1.35808556,103.9469222
T74,1.35941422,103.9482135
T75,1.359329003,103.9504544
T76,1.36016774,103.9516421
T77,1.36167765,103.952775
T78,1.35767731,103.9512111
T79,1.357412764,103.9544694
T8,1.346414231,103.9441901
T80,1.359798752,103.954573
T81,1.360329828,103.9579675
T9,1.347816332,103.9436467
TAM1,1.355179876,103.9459519
TAM2,1.360293334,103.9531551
TB1,1.278380636,103.818525
TB10,1.27240639,103.8232074
TB11,1.270612626,103.8235355
TB14,1.281825212,103.8073453
TB17,1.274814857,103.8130198
TB18,1.276512272,103.8098117
TB19,1.274664691,103.8087104
TB2,1.277570075,103.8193406
TB22,1.273911369,103.807581
TB23,1.281342169,103.8152189
TB28,1.27202504,103.809112
TB3,1.276839183,103.8194677
TB4A,1.277634385,103.8224402
TB6,1.273950797,103.8221513
TB7,1.273451485,103.8213992
TB8,1.272644048,103.8207549
TB9,1.273288998,103.8222334
TBC2,1.275743058,103.8206896
TBC3,1.278973025,103.8176008
TBCM,1.277489245,103.8211642
TBM,1.271791286,103.8106687
TBM2,1.275304365,103.8092233
TBM3,1.273374336,103.8089728
TBM4,1.277305538,103.8078117
TBM5,1.274998507,103.8117515
TBM6,1.273333001,103.8111114
TBM7,1.27626612,103.8108358
TBMT,1.273796254,103.8069013
TE1,1.281313715,103.826454
TE13,1.28322666,103.8305746
TE14,1.276980582,103.8288547
TE2,1.279982297,103.82508
TE25,1.277371664,103.8307877
TE3,1.279741392,103.8261416
TE4,1.27836964,103.8278436
TG1,1.323312993,103.7376345
TG2,1.321563395,103.7376214
TG3,1.320634993,103.7389774
TG6,1.321825139,103.7410927
TG7,1.320145363,103.742291
TGM1,1.32110993,103.7388752
TGM2,1.322145019,103.7382945
TGM3,1.323261329,103.7393284
TGM4,1.322522222,103.7372518
TGML,1.321749687,103.7393415
TJ27,1.327008532,103.7211008
TJ28,1.337119757,103.7204589
TJ29,1.328086177,103.7222703
TJ30,1.330101424,103.7222392
TJ31,1.33859457,103.7228702
TJ32,1.340049501,103.720183
TJ33,1.337109414,103.7232498
TJ34,1.333949932,103.7245092
TJ35,1.332900639,103.722484
TJ36,1.336207856,103.7245298
TJ37,1.338282534,103.7225283
TJ38,1.332313569,103.7217797
TJ39,1.3278375,103.7233188
TM10,1.353353646,103.9602551
TM11,1.354400372,103.9585245
TM12,1.355797193,103.9572147
TM13,1.356357094,103.9591007
TM14,1.349053032,103.9305553
TM15,1.357730625,103.9522237
TM16,1.355754807,103.9502311
TM17,1.351249841,103.9380026
TM18,1.352397971,103.9380349
TM19,1.357342655,103.9593449
TM20,1.358142718,103.9610215
TM21,1.351413327,103.9604738
TM22,1.352264487,103.9628295
TM23,1.354661486,103.9621811
TM24,1.355417948,103.9614424
TM25,1.358714747,103.9584951
TM26,1.35982668,103.9596252
TM27,1.360653005,103.9598885
TM28,1.362780183,103.9568641
TM29,1.360685386,103.9591088
TM3,1.361262783,103.950565
TM30,1.35687383,103.9366514
TM31,1.358751856,103.9366554
TM32,1.359535602,103.9352307
TM33,1.356363667,103.9360719
TM34,1.35721981,103.9334329
TM35,1.359914848,103.9341393
TM36,1.357162986,103.9390733
TM37,1.356176844,103.9386072
TM4,1.363095229,103.9521615
TM41,1.347523987,103.9414489
TM42,1.348936975,103.9335075
TM43,1.353387178,103.9522347
TM44,1.359200025,103.9563169
TM45,1.355347417,103.933003
TM47,1.356783796,103.94023
TM48,1.347078274,103.9341414
TM49,1.363979776,103.9530237
TM5,1.363086209,103.9541599
TM50,1.35644833,103.9311196
TM51,1.351182904,103.9287561
TM6,1.353247814,103.9563494
TM7,1.352808967,103.9576252
TM8,1.351500692,103.9572043
TM9,1.353345412,103.9590931
TP10,1.334916138,103.8535916
TP12,1.334027341,103.852107
TP14,1.335888611,103.8524077
TP15,1.3374794,103.8508335
TP16,1.333245746,103.8483162
TP17,1.333773023,103.8485933
TP18,1.332589321,103.8507445
TP2,1.336179632,103.8482415
TP20,1.33102242,103.8444876
TP22,1.334200937,103.8440423
TP27,1.337544128,103.8452676
TP3,1.335341206,103.8515502
TP30,1.340605802,103.8463328
TP31,1.341101079,103.845871
TP34,1.337988183,103.8524333
TP36,1.336263105,103.8537886
TP3A,1.339518206,103.8542126
TP40,1.331687195,103.8567142
TP41,1.331969495,103.8582438
TP43,1.334766071,103.8572377
TP48,1.337571506,103.8566807
TP49,1.338869601,103.8557427
TP4A,1.33927119,103.855529
TP50,1.338878433,103.854431
TP52,1.341408653,103.8545392
TP53,1.342442066,103.8555524
TP54,1.341438888,103.8564559
TP60,1.34016499,103.8522587
TP62,1.341419702,103.8504611
TP63,1.341762454,103.8490328
TP67,1.332749275,103.8571109
TP68,1.331135704,103.8592937
TP7,1.339803902,103.8487652
TP8,1.339391742,103.848451
TPB1,1.335994695,103.8566064
TPM,1.2754814,103.8422974
TPM2,1.339270204,103.8470872
TPM3,1.330749004,103.8422339
TPM4,1.335754158,103.8493461
TPM5,1.335818685,103.8473399
TPM6,1.334759982,103.8546234
TPM7,1.339849706,103.8459218
TPM8,1.336635251,103.859286
TPM9,1.337081282,103.857789
TPMA,1.33650366,103.8511336
TPMB,1.333033168,103.845225
TPMC,1.341935891,103.8461607
TPMD,1.330208075,103.8449112
TPME,1.338446133,103.8498468
TPMF,1.33510317,103.8456344
TPMG,1.33822914,103.8440355
TPMH,1.33202292,103.8573979
TPMJ,1.334266202,103.8454805
TPMK,1.330976905,103.8585718
TPML,1.338225876,103.8589232
TPMM,1.339014103,103.8580037
TPMN,1.334893016,103.8485785
TPMP,1.336684166,103.8448014
TPMQ,1.336978466,103.8428537
TR1,1.319730403,103.8611096
TRS,1.300649419,103.8834701
TW1,1.377688149,103.7551592
TW2,1.378749975,103.7544749
TW3,1.380330069,103.754505
TW4,1.382072511,103.7530985
TWM1,1.379154477,103.757533
TWM2,1.37963666,103.7565767
TWM3,1.380388916,103.7573167
TWM4,1.382886815,103.7539323
U1,1.348389703,103.7469815
U10,1.345803542,103.7437242
U11,1.347420917,103.7433032
U12,1.346961572,103.7494703
U13,1.347803447,103.7532223
U15,1.3488837,103.7554363
U17,1.350095966,103.7568056
U18,1.351089412,103.7587334
U19,1.348502857,103.7583224
U2,1.349872484,103.7463093
U21,1.357355414,103.7485836
U22,1.360764333,103.7465146
U23,1.363021193,103.7455653
U24,1.36390798,103.7476453
U25,1.363105248,103.75001
U26,1.360516341,103.7501314
U27,1.359593087,103.7510651
U28,1.35787574,103.7505612
U29,1.358592199,103.7492986
U3,1.351391957,103.7443516
U30,1.356914376,103.7526952
U31,1.356913403,103.7510736
U32,1.354100234,103.752614
U33,1.354978239,103.751307
U34,1.351733686,103.7537032
U38,1.346726093,103.7445771
U39,1.349759432,103.7509888
U4,1.350653565,103.74322
U40,1.348632401,103.7513683
U41,1.349484597,103.7520483
U43,1.365083114,103.7459369
U45,1.346918492,103.7578989
U46,1.344168211,103.7476269
U48,1.361434319,103.7487706
U5,1.350137241,103.7446779
U50,1.347341945,103.7556517
U51,1.364844192,103.7464839
U52,1.344607696,103.745017
U54,1.350732203,103.7552395
U6,1.348029518,103.7441035
U7,1.348707664,103.7420927
U8,1.347161979,103.7418946
U9,1.345845573,103.7411926
UA2,1.33369096,103.8792288
UA3,1.334654435,103.8806279
UA5,1.336513363,103.8811821
UAM1,1.334497809,103.8792136
UBK2,1.315597179,103.8713975
UBK4,1.315287938,103.8740882
UBK5,1.318535793,103.8739594
UBKM,1.314794986,103.8708117
UBM1,1.312641664,103.8726214
UBM2,1.31310842,103.870389
W10,1.439351793,103.7753202
W100,1.428704451,103.7922404
W101,1.442544327,103.8057857
W102,1.441204807,103.8066166
W103,1.445746025,103.7973359
W104,1.44397465,103.8075386
W105,1.444667303,103.8088593
W106,1.442935758,103.8084785
W107,1.429800753,103.789597
W108,1.431582594,103.7753038
W109,1.445022278,103.7973367
W11,1.442266714,103.7727115
W11M,1.442724074,103.7728566
W12M,1.44464075,103.7722038
W13,1.443537279,103.7748079
W14,1.447052216,103.7729747
W15,1.438192219,103.7706279
W17,1.436681968,103.7816472
W18,1.439042502,103.780443
W181,1.43965387,103.7792968
W19,1.437594552,103.7772083
W20,1.435038031,103.7747503
W21,1.433804107,103.7770959
W23,1.432211252,103.7811257
W24,1.430630659,103.7794046
W25,1.430651073,103.7762651
W26,1.431684328,103.7742861
W27,1.431025193,103.7739106
W28,1.43011733,103.7738571
W3,1.4406995,103.7695026
W30,1.4302902,103.7740683
W36,1.441378362,103.7864191
W37,1.441875323,103.7904322
W39,1.439900282,103.791228
W4,1.442458149,103.7767461
W40,1.441596281,103.7920159
W41,1.43995591,103.7930911
W43,1.429503833,103.7720609
W44,1.427989855,103.7722639
W45,1.427981404,103.7751618
W46,1.426657099,103.7736755
W48,1.443167899,103.789026
W49,1.442907681,103.7920282
W4M,1.441558533,103.7759835
W5,1.440754097,103.7781943
W50,1.442925618,103.7936948
W505,1.43213756,103.7916046
W509,1.433285193,103.789302
W51,1.442289975,103.7926353
W516,1.434167349,103.7907763
W517,1.434144583,103.7915193
W52,1.441398372,103.7894865
W527,1.431970592,103.7925562
W53,1.444494153,103.7914333
W536,1.431139153,103.7915236
W54,1.439418879,103.7890751
W546,1.429747894,103.7934091
W549,1.43230047,103.7949345
W55,1.439804802,103.7944706
W554,1.432540569,103.7962219
W56,1.438159953,103.7914674
W57,1.436782135,103.7894508
W570,1.43090381,103.7900316
W578,1.431363794,103.7966918
W579,1.431042846,103.7955345
W58,1.436050162,103.7922524
W586,1.429176383,103.7947001
W588,1.428216049,103.7946955
W59,1.436324151,103.7946098
W5M,1.441639404,103.7787534
W6,1.442102474,103.777954
W61,1.433208958,103.7839164
W64,1.437895933,103.7970991
W65,1.441136622,103.7959395
W66,1.440999078,103.7980367
W67,1.441457263,103.7990464
W676,1.439762261,103.8007325
W68,1.441390721,103.8005527
W69,1.444727786,103.7998033
W7,1.443136124,103.7776083
W70,1.444511223,103.7968091
W71,1.443186522,103.7989885
W717,1.440928493,103.7986484
W72,1.442625936,103.801916
W73,1.443310883,103.8037697
W74,1.443215598,103.7963535
W75,1.443304602,103.795579
W76,1.444918126,103.7951017
W77,1.446060606,103.7938985
W78,1.446593029,103.7960262
W780,1.448235185,103.8011012
W782,1.448205178,103.8035717
W783,1.447818842,103.8041211
W785,1.4470667,103.8049956
W79,1.447731111,103.7984808
W80,1.448166564,103.8003423
W81,1.445980334,103.8000409
W82,1.44451438,103.8016071
W83,1.43609553,103.7971308
W84,1.434799594,103.7959545
W85,1.434107255,103.7991668
W86,1.437361837,103.8011496
W87,1.438539715,103.8002309
W88,1.437220944,103.798716
W887,1.437573715,103.7947033
W889,1.438012456,103.7936206
W89,1.43584278,103.7985543
W8M,1.440182567,103.7763476
W90,1.434117653,103.8000835
W91,1.43510014,103.8011664
W92,1.436260631,103.8020553
W93,1.437782899,103.8025916
W94,1.440251557,103.8013451
W95,1.444172955,103.8017806
W96,1.438891051,103.7979177
W98,1.439629438,103.8035899
WCB,1.298808294,103.8519378
WDB1,1.320770033,103.8532442
Y0019,1.274548916040047,103.8414295793987
Y1,1.430844543,103.8280357
Y10,1.423842758,103.8332823
Y11,1.425775461,103.8299545
Y12,1.436796743,103.8324715
Y13,1.431214896,103.8378649
Y14,1.43267364,103.8356612
Y15,1.434648154,103.8368143
Y16,1.433062087,103.8394383
Y17,1.435063444,103.8411611
Y18,1.435747368,103.8395119
Y19,1.437760383,103.8381575
Y2,1.432166554,103.8280589
Y20,1.436262056,103.8378558
Y21,1.436902004,103.8371552
Y21M,1.435359862,103.834854
Y23,1.421593416,103.8320796
Y24,1.419088894,103.8333176
Y25,1.416694062,103.8310085
Y25M,1.417712895,103.832653
Y26,1.412862878,103.8338375
Y27,1.414209709,103.8336235
Y28,1.415628219,103.8340081
Y28M,1.415445285,103.8343715
Y29,1.417203224,103.8345354
Y3,1.434711422,103.8288865
Y30M,1.416557602,103.8357514
Y31,1.416664368,103.8367409
Y32,1.41748548,103.8385993
Y33,1.422229706,103.8361098
Y34,1.4208182,103.8361757
Y34A,1.419269269,103.8360656
Y35,1.419694459,103.8384739
Y36,1.421303839,103.8379897
Y39,1.420049982,103.8405267
Y3M,1.433544682,103.8274698
Y4,1.434754103,103.8315408
Y40,1.414847697,103.8367182
Y41,1.430135407,103.8399316
Y41M,1.430750309,103.8408848
Y43,1.428899474,103.8410989
Y45,1.427187275,103.8431882
Y45M,1.427502625,103.8426298
Y46,1.426038896,103.8457669
Y48,1.429387863,103.8478178
Y48M,1.428367126,103.8475295
Y49,1.426061257,103.8478153
Y49L,1.423968697,103.8472649
Y49M,1.424393449,103.8475086
Y5,1.431114532,103.8321076
Y51,1.421503052,103.8470655
Y51M,1.422743151,103.8455692
Y52M,1.420310438,103.8449203
Y53M,1.422924,103.8460164
Y54M,1.427311894,103.8370354
Y56,1.425449749,103.8367628
Y57,1.423992063,103.846466
Y58,1.432539249,103.8323825
Y59M,1.422273747,103.8491759
Y6,1.432523042,103.8341941
Y60M,1.421137315,103.8481195
Y61M,1.420087947,103.8475882
Y62M,1.430248913,103.8444469
Y63M,1.431603699,103.8449824
Y64M,1.432421424,103.8450715
Y65M,1.432668821,103.8420226
Y66M,1.433764998,103.8422883
Y68M,1.418396497,103.8445959
Y69M,1.416009366,103.844087
Y7,1.427301818,103.8274505
Y70M,1.414855443,103.8403692
Y71M,1.41657976,103.840908
Y73M,1.41913521,103.8415629
Y74M,1.419627737,103.8416902
Y75M,1.420176401,103.8430835
Y8,1.429444919,103.8312781
Y9,1.427830914,103.8340126
YHS,1.286500625,103.8378867
